{
  "experiment": "ttft",
  "hardware": {
    "gpu_id": 0,
    "gpu_name": "NVIDIA GeForce RTX 3090",
    "gpu_vram_gb": 23
  },
  "model": "Qwen/Qwen2.5-0.5B-Instruct",
  "lora": true,
  "n_warmup": 5,
  "n_runs": 50,
  "p50_ms": 25.661402149125934,
  "p95_ms": 26.091878791339695,
  "p99_ms": 26.275826334021986,
  "mean_ms": 25.57649916037917,
  "min_ms": 24.76695505902171,
  "max_ms": 26.37925511226058,
  "raw_ms": [
    26.121536269783974,
    25.552042294293642,
    25.23581311106682,
    25.656767189502716,
    25.156223215162754,
    25.840059854090214,
    25.498479139059782,
    25.692979339510202,
    25.858531706035137,
    25.097625330090523,
    25.616695638746023,
    24.877517949789762,
    25.973707903176546,
    25.474941357970238,
    25.92497691512108,
    26.055630762130022,
    25.699333287775517,
    25.541584007441998,
    26.01499203592539,
    25.945277884602547,
    25.716605130583048,
    25.940568186342716,
    24.870415218174458,
    25.76496172696352,
    25.880003813654184,
    24.773533921688795,
    26.011191308498383,
    25.93549294397235,
    25.691942311823368,
    26.37925511226058,
    26.168175972998142,
    24.90935567766428,
    25.71439417079091,
    25.610969867557287,
    25.51503712311387,
    25.66603710874915,
    25.169795844703913,
    25.78314021229744,
    25.897087063640356,
    24.8582367785275,
    25.240328162908554,
    24.76695505902171,
    25.314013939350843,
    25.28601000085473,
    26.052468921989202,
    25.35728318616748,
    25.83895903080702,
    25.568602606654167,
    24.833427742123604,
    25.475994683802128
  ]
}