{
  "timestamp": "2026-02-03 19:06:01",
  "results": {
    "ttft_values": [
      1269.506145035848,
      213.83931499440223,
      428.0929410015233
    ],
    "system2_latencies": [
      2764.668550051283,
      4596.132987993769,
      7487.558409979101
    ]
  },
  "statistics": {
    "ttft_values": {
      "mean": 637.1461336772578,
      "median": 428.0929410015233,
      "min": 213.83931499440223,
      "max": 1269.506145035848,
      "stdev": 558.0193025679104,
      "p50": 428.0929410015233,
      "p95": 1269.506145035848
    },
    "system2_latencies": {
      "mean": 4949.453316008051,
      "median": 4596.132987993769,
      "min": 2764.668550051283,
      "max": 7487.558409979101,
      "stdev": 2381.18638453468,
      "p50": 4596.132987993769,
      "p95": 7487.558409979101
    }
  },
  "config": {
    "sys1_gpu": 2,
    "sys2_gpus": [
      4,
      5,
      6,
      7
    ]
  },
  "paper_targets": {
    "ttft_p50_ms": 210,
    "ttft_target_ms": 300
  }
}