{
  "timestamp": "2026-02-03 17:34:12",
  "results": {
    "system1_latencies": [
      7.361276017036289,
      0.03266899148002267,
      0.026717025320976973,
      0.025013985577970743,
      0.0240019871853292,
      0.023964967112988234,
      0.02364697866141796,
      0.0263290130533278,
      0.0238809734582901,
      0.023549015168100595
    ],
    "system2_latencies": [
      0.03227900015190244,
      0.02713297726586461,
      0.025946006644517183,
      0.025757006369531155,
      0.025289016775786877
    ],
    "end_to_end_latencies": [
      0.0328199821524322,
      0.03011198714375496,
      0.030001974664628506,
      0.039722013752907515,
      0.03465102054178715,
      0.032347976230084896,
      0.03277894575148821,
      0.03554299473762512,
      0.03566301893442869,
      0.037668971344828606
    ],
    "bridge_quality_scores": []
  },
  "statistics": {
    "system1_latencies": {
      "mean": 0.7591048954054713,
      "median": 0.02450798638164997,
      "min": 0.023549015168100595,
      "max": 7.361276017036289,
      "stdev": 2.319768106399225,
      "p50": 0.02450798638164997,
      "p95": 7.361276017036289,
      "p99": 7.361276017036289
    },
    "system2_latencies": {
      "mean": 0.027280801441520452,
      "median": 0.025946006644517183,
      "min": 0.025289016775786877,
      "max": 0.03227900015190244,
      "stdev": 0.002875529388719134,
      "p50": 0.025946006644517183,
      "p95": 0.03227900015190244,
      "p99": 0.03227900015190244
    },
    "end_to_end_latencies": {
      "mean": 0.034130888525396585,
      "median": 0.033735501347109675,
      "min": 0.030001974664628506,
      "max": 0.039722013752907515,
      "stdev": 0.0031325391764264418,
      "p50": 0.033735501347109675,
      "p95": 0.039722013752907515,
      "p99": 0.039722013752907515
    }
  }
}